username,firstname,lastname,email,altemail,password,mobile,gender,idcard,dob,city,country,marital
WilliamsMike,Mike,Williams,MikeWilliams@gmail,MikeWilliams@yahoo,1234ab5678,5738271378,male,1234567890,12011960,Kabul,Afghanistan,married
BrownPatricia,Patricia,Brown,PatriciaBrown@gmail,PatriciaBrown@yahoo,1234ab5678,5714814589,female,1258024679,12021960,Tirana,Albania,single
JonesJennifer,Jennifer,Jones,JenniferJones@gmail,JenniferJones@yahoo,1234ab5678,5691357800,female,1281481468,12031960,Algiers,Algeria,married
GarciaLinda,Linda,Garcia,LindaGarcia@gmail,LindaGarcia@yahoo,1234ab5678,5620987433,female,1304938257,12041960,Saint John's,Antigua and Barbuda,single
MillerElizabeth,Elizabeth,Miller,ElizabethMiller@gmail,ElizabethMiller@yahoo,1234ab5678,5597530644,female,1328395046,12051960,Buenos Aires,Argentina,married
DavisBarbara,Barbara,Davis,BarbaraDavis@gmail,BarbaraDavis@yahoo,1234ab5678,5527160277,female,1351851835,12061960,Vienna,Austria,single
RodriguezSusan,Susan,Rodriguez,SusanRodriguez@gmail,SusanRodriguez@yahoo,1234ab5678,5503703488,female,1375308624,12071960,Baku,Azerbaijan,married
MartinezJessica,Jessica,Martinez,JessicaMartinez@gmail,JessicaMartinez@yahoo,1234ab5678,5433333121,female,1398765413,12081960,Dhaka,Bangladesh,single
HernandezSarah,Sarah,Hernandez,SarahHernandez@gmail,SarahHernandez@yahoo,1234ab5678,5409876332,female,1422222202,12091960,Bridgetown,Barbados,married
LopezKaren,Karen,Lopez,KarenLopez@gmail,KarenLopez@yahoo,1234ab5678,5339505965,female,1445678991,12101960,Belmopan,Belize,single
GonzalezNancy,Nancy,Gonzalez,NancyGonzalez@gmail,NancyGonzalez@yahoo,1234ab5678,5316049176,female,1469135780,12111960,Porto-Novo,Benin,married
WilsonLisa,Lisa,Wilson,LisaWilson@gmail,LisaWilson@yahoo,1234ab5678,5245678809,female,1492592569,12121960,Gaborone,Botswana,single
AndersonBetty,Betty,Anderson,BettyAnderson@gmail,BettyAnderson@yahoo,1234ab5678,5222222020,female,1516049358,12131960,Brasilia,Brazil,married
ThomasMargaret,Margaret,Thomas,MargaretThomas@gmail,MargaretThomas@yahoo,1234ab5678,5151851653,female,1539506147,12141960,Ouagadougou,Burkina Faso,single
TaylorSandra,Sandra,Taylor,SandraTaylor@gmail,SandraTaylor@yahoo,1234ab5678,5128394864,female,1562962936,12151960,Gitega,Burundi,married
MooreAshley,Ashley,Moore,AshleyMoore@gmail,AshleyMoore@yahoo,1234ab5678,5058024497,female,1586419725,12161960,Yaounde,Cameroon,single
JacksonKimberly,Kimberly,Jackson,KimberlyJackson@gmail,KimberlyJackson@yahoo,1234ab5678,5034567708,female,1609876514,12171960,Ottawa,Canada,married
MartinEmily,Emily,Martin,EmilyMartin@gmail,EmilyMartin@yahoo,1234ab5678,4964197341,female,1633333303,12181960,Santiago,Chile,single
LeeDonna,Donna,Lee,DonnaLee@gmail,DonnaLee@yahoo,1234ab5678,4940740552,female,1656790092,12191960,Beijing,China,married
PerezMichelle,Michelle,Perez,MichellePerez@gmail,MichellePerez@yahoo,1234ab5678,4870370185,female,1680246881,12201960,Kinshasa,"Congo, Democratic Republic of the",single
ThompsonDorothy,Dorothy,Thompson,DorothyThompson@gmail,DorothyThompson@yahoo,1234ab5678,4846913396,female,1703703670,12211960,Brazzaville,"Congo, Republic of the",married
WhiteCarol,Carol,White,CarolWhite@gmail,CarolWhite@yahoo,1234ab5678,4776543029,female,1727160459,12221960,Zagreb,Croatia,single
HarrisAmanda,Amanda,Harris,AmandaHarris@gmail,AmandaHarris@yahoo,1234ab5678,4753086240,female,1750617248,12231960,Havana,Cuba,married
SanchezMelissa,Melissa,Sanchez,MelissaSanchez@gmail,MelissaSanchez@yahoo,1234ab5678,4682715873,female,1774074037,12241960,Copenhagen,Denmark,single
ClarkDeborah,Deborah,Clark,DeborahClark@gmail,DeborahClark@yahoo,1234ab5678,4659259084,female,1797530826,12251960,Djibouti (city),Djibouti,married
RamirezStephanie,Stephanie,Ramirez,StephanieRamirez@gmail,StephanieRamirez@yahoo,1234ab5678,4588888717,female,1820987615,12261960,Quito,Ecuador,single
LewisRebecca,Rebecca,Lewis,RebeccaLewis@gmail,RebeccaLewis@yahoo,1234ab5678,4565431928,female,1844444404,12271960,Cairo,Egypt,married
RobinsonSharon,Sharon,Robinson,SharonRobinson@gmail,SharonRobinson@yahoo,1234ab5678,4495061561,female,1867901193,12281960,Tallinn,Estonia,single
WalkerLaura,Laura,Walker,LauraWalker@gmail,LauraWalker@yahoo,1234ab5678,4471604772,female,1891357982,12291960,Addis Ababa,Ethiopia,married
YoungCynthia,Cynthia,Young,CynthiaYoung@gmail,CynthiaYoung@yahoo,1234ab5678,4401234405,female,1914814771,12301960,Paris,France,single
AllenKathleen,Kathleen,Allen,KathleenAllen@gmail,KathleenAllen@yahoo,1234ab5678,4377777616,female,1938271560,12311960,Libreville,Gabon,married
KingAmy,Amy,King,AmyKing@gmail,AmyKing@yahoo,1234ab5678,4307407249,female,1961728349,12321960,Berlin,Germany,single
WrightShirley,Shirley,Wright,ShirleyWright@gmail,ShirleyWright@yahoo,1234ab5678,4283950460,female,1985185138,12331960,Accra,Ghana,married
ScottAngela,Angela,Scott,AngelaScott@gmail,AngelaScott@yahoo,1234ab5678,4213580093,female,2008641927,12341960,Guatemala City,Guatemala,single
TorresHelen,Helen,Torres,HelenTorres@gmail,HelenTorres@yahoo,1234ab5678,4190123304,female,2032098716,12351960,Conakry,Guinea,married
NguyenAnna,Anna,Nguyen,AnnaNguyen@gmail,AnnaNguyen@yahoo,1234ab5678,4119752937,female,2055555505,12361960,Port-au-Prince,Haiti,single
HillBrenda,Brenda,Hill,BrendaHill@gmail,BrendaHill@yahoo,1234ab5678,4096296148,female,2079012294,12371960,Tegucigalpa,Honduras,married
FloresPamela,Pamela,Flores,PamelaFlores@gmail,PamelaFlores@yahoo,1234ab5678,4025925781,female,2102469083,12381960,New Delhi,India,single
GreenNicole,Nicole,Green,NicoleGreen@gmail,NicoleGreen@yahoo,1234ab5678,4002468992,female,2125925872,12391960,Jakarta,Indonesia,married
AdamsEmma,Emma,Adams,EmmaAdams@gmail,EmmaAdams@yahoo,1234ab5678,3932098625,female,2149382661,12401960,Dublin,Ireland,single
NelsonSamantha,Samantha,Nelson,SamanthaNelson@gmail,SamanthaNelson@yahoo,1234ab5678,3908641836,female,2172839450,12411960,Jerusalem,Israel,married
BakerKatherine,Katherine,Baker,KatherineBaker@gmail,KatherineBaker@yahoo,1234ab5678,3838271469,female,2196296239,12421960,Tokyo,Japan,single
HallChristine,Christine,Hall,ChristineHall@gmail,ChristineHall@yahoo,1234ab5678,3814814680,female,2219753028,12431960,Amman,Jordan,married
RiveraDebra,Debra,Rivera,DebraRivera@gmail,DebraRivera@yahoo,1234ab5678,3744444313,female,2243209817,12441960,Tarawa,Kiribati,single
CampbellRachel,Rachel,Campbell,RachelCampbell@gmail,RachelCampbell@yahoo,1234ab5678,3720987524,female,2266666606,12451960,Pristina,Kosovo,married
MitchellCatherine,Catherine,Mitchell,CatherineMitchell@gmail,CatherineMitchell@yahoo,1234ab5678,3650617157,female,2290123395,12461960,Vientiane,Laos,single
CarterCarolyn,Carolyn,Carter,CarolynCarter@gmail,CarolynCarter@yahoo,1234ab5678,3627160368,female,2313580184,12471960,Riga,Latvia,married
RobertsJanet,Janet,Roberts,JanetRoberts@gmail,JanetRoberts@yahoo,1234ab5678,3556790001,female,2337036973,12481960,Monrovia,Liberia,single
GomezRuth,Ruth,Gomez,RuthGomez@gmail,RuthGomez@yahoo,1234ab5678,3533333212,female,2360493762,12491960,Tripoli,Libya,married
PhillipsMaria,Maria,Phillips,MariaPhillips@gmail,MariaPhillips@yahoo,1234ab5678,3462962845,female,2383950551,12501960,Luxembourg (city),Luxembourg,single
EvansHeather,Heather,Evans,HeatherEvans@gmail,HeatherEvans@yahoo,1234ab5678,3439506056,female,2407407340,12511960,Antananarivo,Madagascar,married
TurnerDiane,Diane,Turner,DianeTurner@gmail,DianeTurner@yahoo,1234ab5678,3369135689,female,2430864129,12521960,Male,Maldives,single
DiazVirginia,Virginia,Diaz,VirginiaDiaz@gmail,VirginiaDiaz@yahoo,1234ab5678,3345678900,female,2454320918,12531960,Bamako,Mali,married
ParkerJulie,Julie,Parker,JulieParker@gmail,JulieParker@yahoo,1234ab5678,3275308533,female,2477777707,12541960,Nouakchott,Mauritania,single
CruzJoyce,Joyce,Cruz,JoyceCruz@gmail,JoyceCruz@yahoo,1234ab5678,3251851744,female,2501234496,12551960,Port Louis,Mauritius,married
EdwardsVictoria,Victoria,Edwards,VictoriaEdwards@gmail,VictoriaEdwards@yahoo,1234ab5678,3181481377,female,2524691285,12561960,Chisinau,Moldova,single
CollinsOlivia,Olivia,Collins,OliviaCollins@gmail,OliviaCollins@yahoo,1234ab5678,3158024588,female,2548148074,12571960,Monaco,Monaco,married
ReyesKelly,Kelly,Reyes,KellyReyes@gmail,KellyReyes@yahoo,1234ab5678,3087654221,female,2571604863,12581960,Rabat,Morocco,single
StewartChristina,Christina,Stewart,ChristinaStewart@gmail,ChristinaStewart@yahoo,1234ab5678,3064197432,female,2595061652,12591960,Maputo,Mozambique,married
MorrisLauren,Lauren,Morris,LaurenMorris@gmail,LaurenMorris@yahoo,1234ab5678,2993827065,female,2618518441,12601960,Yaren District (de facto),Nauru,single
MoralesJoan,Joan,Morales,JoanMorales@gmail,JoanMorales@yahoo,1234ab5678,2970370276,female,2641975230,12611960,Kathmandu,Nepal,married
MurphyEvelyn,Evelyn,Murphy,EvelynMurphy@gmail,EvelynMurphy@yahoo,1234ab5678,2899999909,female,2665432019,12621960,Managua,Nicaragua,single
CookJudith,Judith,Cook,JudithCook@gmail,JudithCook@yahoo,1234ab5678,2876543120,female,2688888808,12631960,Niamey,Niger,married
RogersMegan,Megan,Rogers,MeganRogers@gmail,MeganRogers@yahoo,1234ab5678,2806172753,female,2712345597,12641960,Skopje,North Macedonia,single
GutierrezCheryl,Cheryl,Gutierrez,CherylGutierrez@gmail,CherylGutierrez@yahoo,1234ab5678,2782715964,female,2735802386,12651960,Oslo,Norway,married
OrtizAndrea,Andrea,Ortiz,AndreaOrtiz@gmail,AndreaOrtiz@yahoo,1234ab5678,2712345597,female,2759259175,12012015,Ngerulmud,Palau,single
MorganHannah,Hannah,Morgan,HannahMorgan@gmail,HannahMorgan@yahoo,1234ab5678,2688888808,female,2782715964,12022015,Jerusalem (East),Palestine,married
CooperMartha,Martha,Cooper,MarthaCooper@gmail,MarthaCooper@yahoo,1234ab5678,2618518441,female,2806172753,12032015,Asunción,Paraguay,single
PetersonJacqueline,Jacqueline,Peterson,JacquelinePeterson@gmail,JacquelinePeterson@yahoo,1234ab5678,2595061652,female,2829629542,12042015,Lima,Peru,married
BaileyFrances,Frances,Bailey,FrancesBailey@gmail,FrancesBailey@yahoo,1234ab5678,2524691285,female,2853086331,12052015,Lisbon,Portugal,single
ReedGloria,Gloria,Reed,GloriaReed@gmail,GloriaReed@yahoo,1234ab5678,2501234496,female,2876543120,12062015,Doha,Qatar,married
KellyAnn,Ann,Kelly,AnnKelly@gmail,AnnKelly@yahoo,1234ab5678,2430864129,female,2899999909,12011970,Kigali,Rwanda,single
HowardTeresa,Teresa,Howard,TeresaHoward@gmail,TeresaHoward@yahoo,1234ab5678,2407407340,female,2923456698,12021970,Basseterre,Saint Kitts and Nevis,married
RamosKathryn,Kathryn,Ramos,KathrynRamos@gmail,KathrynRamos@yahoo,1234ab5678,2337036973,female,2946913487,12031970,Apia,Samoa,single
KimSara,Sara,Kim,SaraKim@gmail,SaraKim@yahoo,1234ab5678,2313580184,female,2970370276,12041970,San Marino,San Marino,married
CoxJanice,Janice,Cox,JaniceCox@gmail,JaniceCox@yahoo,1234ab5678,2243209817,female,2993827065,12051970,Dakar,Senegal,single
WardJean,Jean,Ward,JeanWard@gmail,JeanWard@yahoo,1234ab5678,2219753028,female,3017283854,12061970,Belgrade,Serbia,married
RichardsonAlice,Alice,Richardson,AliceRichardson@gmail,AliceRichardson@yahoo,1234ab5678,2149382661,female,3040740643,12011975,Singapore,Singapore,single
WatsonMadison,Madison,Watson,MadisonWatson@gmail,MadisonWatson@yahoo,1234ab5678,2125925872,female,3064197432,12021975,Bratislava,Slovakia,married
BrooksDoris,Doris,Brooks,DorisBrooks@gmail,DorisBrooks@yahoo,1234ab5678,2055555505,female,3087654221,12031975,Mogadishu,Somalia,single
ChavezAbigail,Abigail,Chavez,AbigailChavez@gmail,AbigailChavez@yahoo,1234ab5678,2032098716,female,3111111010,12041975,Seoul,South Korea,married
WoodJulia,Julia,Wood,JuliaWood@gmail,JuliaWood@yahoo,1234ab5678,1961728349,female,3134567799,12051975,Sri Jayawardenepura Kotte,Sri Lanka,single
JamesJudy,Judy,James,JudyJames@gmail,JudyJames@yahoo,1234ab5678,1938271560,female,3158024588,12061975,Khartoum,Sudan,married
BennettGrace,Grace,Bennett,GraceBennett@gmail,GraceBennett@yahoo,1234ab5678,1867901193,female,3181481377,12011980,Bern,Switzerland,single
GrayDenise,Denise,Gray,DeniseGray@gmail,DeniseGray@yahoo,1234ab5678,1844444404,female,3204938166,12021980,Damascus,Syria,married
MendozaAmber,Amber,Mendoza,AmberMendoza@gmail,AmberMendoza@yahoo,1234ab5678,1774074037,female,3228394955,12031980,Dodoma,Tanzania,single
RuizMarilyn,Marilyn,Ruiz,MarilynRuiz@gmail,MarilynRuiz@yahoo,1234ab5678,1750617248,female,3251851744,12041980,Bangkok,Thailand,married
HughesBeverly,Beverly,Hughes,BeverlyHughes@gmail,BeverlyHughes@yahoo,1234ab5678,1680246881,female,3275308533,12051980,Nukuʻalofa,Tonga,single
PriceDanielle,Danielle,Price,DaniellePrice@gmail,DaniellePrice@yahoo,1234ab5678,1656790092,female,3298765322,12061980,Port of Spain,Trinidad and Tobago,married
AlvarezTheresa,Theresa,Alvarez,TheresaAlvarez@gmail,TheresaAlvarez@yahoo,1234ab5678,1586419725,female,3322222111,12011985,Ashgabat,Turkmenistan,single
CastilloSophia,Sophia,Castillo,SophiaCastillo@gmail,SophiaCastillo@yahoo,1234ab5678,1562962936,female,3345678900,12021985,Funafuti,Tuvalu,married
SandersMarie,Marie,Sanders,MarieSanders@gmail,MarieSanders@yahoo,1234ab5678,1492592569,female,3369135689,12031985,Abu Dhabi,United Arab Emirates,single
PatelDiana,Diana,Patel,DianaPatel@gmail,DianaPatel@yahoo,1234ab5678,1469135780,female,3392592478,12041985,London,United Kingdom,married
MyersBrittany,Brittany,Myers,BrittanyMyers@gmail,BrittanyMyers@yahoo,1234ab5678,1398765413,female,3416049267,12051985,Tashkent,Uzbekistan,single
LongNatalie,Natalie,Long,NatalieLong@gmail,NatalieLong@yahoo,1234ab5678,1375308624,female,3439506056,12061985,Port Vila,Vanuatu,married
RossPatricia,Patricia,Ross,PatriciaRoss@gmail,PatriciaRoss@yahoo,1234ab5678,1304938257,female,3462962845,12011990,Hanoi,Vietnam,single
FosterJennifer,Jennifer,Foster,JenniferFoster@gmail,JenniferFoster@yahoo,1234ab5678,1281481468,female,3486419634,12012020,Sana'a,Yemen,married
JimenezLinda,Linda,Jimenez,LindaJimenez@gmail,LindaJimenez@yahoo,1234ab5678,1234567890,female,3509876423,12022020,Harare,Zimbabwe,married
PowellJohn,John,Powell,JohnPowell@gmail,JohnPowell@yahoo,1234ab5678,5667901011,male,3533333212,12032020,Andorra la Vella,Andorra,single
JenkinsMichael,Michael,Jenkins,MichaelJenkins@gmail,MichaelJenkins@yahoo,1234ab5678,5644444222,male,3556790001,12042020,Luanda,Angola,married
PerryWilliam,William,Perry,WilliamPerry@gmail,WilliamPerry@yahoo,1234ab5678,5574073855,male,3580246790,12052020,Yerevan,Armenia,single
RussellDavid,David,Russell,DavidRussell@gmail,DavidRussell@yahoo,1234ab5678,5550617066,male,3603703579,12062020,Canberra,Australia,married
SullivanRichard,Richard,Sullivan,RichardSullivan@gmail,RichardSullivan@yahoo,1234ab5678,5480246699,male,3627160368,12072020,Nassau,Bahamas,single
BellJoseph,Joseph,Bell,JosephBell@gmail,JosephBell@yahoo,1234ab5678,5456789910,male,3650617157,12011965,Manama,Bahrain,married
ColemanThomas,Thomas,Coleman,ThomasColeman@gmail,ThomasColeman@yahoo,1234ab5678,5386419543,male,3674073946,12021965,Minsk,Belarus,single
ButlerCharles,Charles,Butler,CharlesButler@gmail,CharlesButler@yahoo,1234ab5678,5362962754,male,3697530735,12031965,Brussels,Belgium,married
HendersonChristopher,Christopher,Henderson,ChristopherHenderson@gmail,ChristopherHenderson@yahoo,1234ab5678,5292592387,male,3720987524,12041965,Thimphu,Bhutan,single
BarnesDaniel,Daniel,Barnes,DanielBarnes@gmail,DanielBarnes@yahoo,1234ab5678,5269135598,male,3744444313,12051965,Sarajevo,Bosnia and Herzegovina,married
GonzalesMatthew,Matthew,Gonzales,MatthewGonzales@gmail,MatthewGonzales@yahoo,1234ab5678,5198765231,male,3767901102,12061965,Bandar Seri Begawan,Brunei,single
FisherAnthony,Anthony,Fisher,AnthonyFisher@gmail,AnthonyFisher@yahoo,1234ab5678,5175308442,male,3791357891,12011970,Sofia,Bulgaria,married
VasquezMark,Mark,Vasquez,MarkVasquez@gmail,MarkVasquez@yahoo,1234ab5678,5104938075,male,3814814680,12021970,Praia,Cabo Verde,single
SimmonsDonald,Donald,Simmons,DonaldSimmons@gmail,DonaldSimmons@yahoo,1234ab5678,5081481286,male,3838271469,12031970,Phnom Penh,Cambodia,married
RomeroSteven,Steven,Romero,StevenRomero@gmail,StevenRomero@yahoo,1234ab5678,5011110919,male,3861728258,12041970,Bangui,Central African Republic,single
JordanPaul,Paul,Jordan,PaulJordan@gmail,PaulJordan@yahoo,1234ab5678,4987654130,male,3885185047,12051970,N'Djamena,Chad,married
PattersonAndrew,Andrew,Patterson,AndrewPatterson@gmail,AndrewPatterson@yahoo,1234ab5678,4917283763,male,3908641836,12061970,Bogotá,Colombia,single
AlexanderJoshua,Joshua,Alexander,JoshuaAlexander@gmail,JoshuaAlexander@yahoo,1234ab5678,4893826974,male,3932098625,12011975,Moroni,Comoros,married
HamiltonKenneth,Kenneth,Hamilton,KennethHamilton@gmail,KennethHamilton@yahoo,1234ab5678,4823456607,male,3955555414,12021975,San Jose,Costa Rica,single
GrahamKevin,Kevin,Graham,KevinGraham@gmail,KevinGraham@yahoo,1234ab5678,4799999818,male,3979012203,12031975,Yamoussoukro,Cote d'Ivoire,married
ReynoldsBrian,Brian,Reynolds,BrianReynolds@gmail,BrianReynolds@yahoo,1234ab5678,4729629451,male,4002468992,12041975,Nicosia,Cyprus,single
GriffinGeorge,George,Griffin,GeorgeGriffin@gmail,GeorgeGriffin@yahoo,1234ab5678,4706172662,male,4025925781,12051975,Prague,Czechia,married
WallaceEdward,Edward,Wallace,EdwardWallace@gmail,EdwardWallace@yahoo,1234ab5678,4635802295,male,4049382570,12061975,Roseau,Dominica,single
MorenoRonald,Ronald,Moreno,RonaldMoreno@gmail,RonaldMoreno@yahoo,1234ab5678,4612345506,male,4072839359,12011980,Santo Domingo,Dominican Republic,married
WestTimothy,Timothy,West,TimothyWest@gmail,TimothyWest@yahoo,1234ab5678,4541975139,male,4096296148,12021980,San Salvador,El Salvador,single
ColeJason,Jason,Cole,JasonCole@gmail,JasonCole@yahoo,1234ab5678,4518518350,male,4119752937,12031980,Asmara,Eritrea,married
HayesJeffrey,Jeffrey,Hayes,JeffreyHayes@gmail,JeffreyHayes@yahoo,1234ab5678,4448147983,male,4143209726,12041980,Suva,Fiji,single
BryantRyan,Ryan,Bryant,RyanBryant@gmail,RyanBryant@yahoo,1234ab5678,4424691194,male,4166666515,12051980,Helsinki,Finland,married
HerreraJacob,Jacob,Herrera,JacobHerrera@gmail,JacobHerrera@yahoo,1234ab5678,4354320827,male,4190123304,12061980,Banjul,Gambia,single
GibsonGary,Gary,Gibson,GaryGibson@gmail,GaryGibson@yahoo,1234ab5678,4330864038,male,4213580093,12011985,Tbilisi,Georgia,married
EllisNicholas,Nicholas,Ellis,NicholasEllis@gmail,NicholasEllis@yahoo,1234ab5678,4260493671,male,4237036882,12021985,Athens,Greece,single
TranEric,Eric,Tran,EricTran@gmail,EricTran@yahoo,1234ab5678,4237036882,male,4260493671,12031985,Saint George's,Grenada,married
MedinaJonathan,Jonathan,Medina,JonathanMedina@gmail,JonathanMedina@yahoo,1234ab5678,4166666515,male,4283950460,12041985,Bissau,Guinea-Bissau,single
AguilarStephen,Stephen,Aguilar,StephenAguilar@gmail,StephenAguilar@yahoo,1234ab5678,4143209726,male,4307407249,12051985,Georgetown,Guyana,married
StevensLarry,Larry,Stevens,LarryStevens@gmail,LarryStevens@yahoo,1234ab5678,4072839359,male,4330864038,12061985,Budapest,Hungary,single
MurrayJustin,Justin,Murray,JustinMurray@gmail,JustinMurray@yahoo,1234ab5678,4049382570,male,4354320827,12011990,Reykjavik,Iceland,married
FordScott,Scott,Ford,ScottFord@gmail,ScottFord@yahoo,1234ab5678,3979012203,male,4377777616,12021990,Tehran,Iran,single
CastroBrandon,Brandon,Castro,BrandonCastro@gmail,BrandonCastro@yahoo,1234ab5678,3955555414,male,4401234405,12031990,Baghdad,Iraq,married
MarshallBenjamin,Benjamin,Marshall,BenjaminMarshall@gmail,BenjaminMarshall@yahoo,1234ab5678,3885185047,male,4424691194,12041990,Rome,Italy,single
OwensSamuel,Samuel,Owens,SamuelOwens@gmail,SamuelOwens@yahoo,1234ab5678,3861728258,male,4448147983,12051990,Kingston,Jamaica,married
HarrisonGregory,Gregory,Harrison,GregoryHarrison@gmail,GregoryHarrison@yahoo,1234ab5678,3791357891,male,4471604772,12061990,Nur-Sultan,Kazakhstan,single
FernandezFrank,Frank,Fernandez,FrankFernandez@gmail,FrankFernandez@yahoo,1234ab5678,3767901102,male,4495061561,12011995,Nairobi,Kenya,married
McdonaldAlexander,Alexander,Mcdonald,AlexanderMcdonald@gmail,AlexanderMcdonald@yahoo,1234ab5678,3697530735,male,4518518350,12021995,Kuwait City,Kuwait,single
WoodsRaymond,Raymond,Woods,RaymondWoods@gmail,RaymondWoods@yahoo,1234ab5678,3674073946,male,4541975139,12031995,Bishkek,Kyrgyzstan,married
WashingtonPatrick,Patrick,Washington,PatrickWashington@gmail,PatrickWashington@yahoo,1234ab5678,3603703579,male,4565431928,12041995,Beirut,Lebanon,single
KennedyJack,Jack,Kennedy,JackKennedy@gmail,JackKennedy@yahoo,1234ab5678,3580246790,male,4588888717,12051995,Maseru,Lesotho,married
WellsDennis,Dennis,Wells,DennisWells@gmail,DennisWells@yahoo,1234ab5678,3509876423,male,4612345506,12012000,Vaduz,Liechtenstein,single
VargasJerry,Jerry,Vargas,JerryVargas@gmail,JerryVargas@yahoo,1234ab5678,3486419634,male,4635802295,12022000,Vilnius,Lithuania,married
HenryTyler,Tyler,Henry,TylerHenry@gmail,TylerHenry@yahoo,1234ab5678,3416049267,male,4659259084,12032000,Lilongwe,Malawi,single
ChenAaron,Aaron,Chen,AaronChen@gmail,AaronChen@yahoo,1234ab5678,3392592478,male,4682715873,12042000,Kuala Lumpur,Malaysia,married
FreemanJose,Jose,Freeman,JoseFreeman@gmail,JoseFreeman@yahoo,1234ab5678,3322222111,male,4706172662,12052000,Valletta,Malta,single
WebbAdam,Adam,Webb,AdamWebb@gmail,AdamWebb@yahoo,1234ab5678,3298765322,male,4729629451,12062000,Majuro,Marshall Islands,married
TuckerHenry,Henry,Tucker,HenryTucker@gmail,HenryTucker@yahoo,1234ab5678,3228394955,male,4753086240,12012005,Mexico City,Mexico,single
GuzmanNathan,Nathan,Guzman,NathanGuzman@gmail,NathanGuzman@yahoo,1234ab5678,3204938166,male,4776543029,12022005,Palikir,Micronesia,married
BurnsDouglas,Douglas,Burns,DouglasBurns@gmail,DouglasBurns@yahoo,1234ab5678,3134567799,male,4799999818,12032005,Ulaanbaatar,Mongolia,single
CrawfordZachary,Zachary,Crawford,ZacharyCrawford@gmail,ZacharyCrawford@yahoo,1234ab5678,3111111010,male,4823456607,12042005,Podgorica,Montenegro,married
OlsonPeter,Peter,Olson,PeterOlson@gmail,PeterOlson@yahoo,1234ab5678,3040740643,male,4846913396,12052005,Naypyidaw,Myanmar,single
SimpsonKyle,Kyle,Simpson,KyleSimpson@gmail,KyleSimpson@yahoo,1234ab5678,3017283854,male,4870370185,12062005,Windhoek,Namibia,married
PorterWalter,Walter,Porter,WalterPorter@gmail,WalterPorter@yahoo,1234ab5678,2946913487,male,4893826974,12012010,Amsterdam,Netherlands,single
HunterEthan,Ethan,Hunter,EthanHunter@gmail,EthanHunter@yahoo,1234ab5678,2923456698,male,4917283763,12022010,Wellington,New Zealand,married
GordonJeremy,Jeremy,Gordon,JeremyGordon@gmail,JeremyGordon@yahoo,1234ab5678,2853086331,male,4940740552,12032010,Abuja,Nigeria,single
MendezHarold,Harold,Mendez,HaroldMendez@gmail,HaroldMendez@yahoo,1234ab5678,2829629542,male,4964197341,12042010,Pyongyang,North Korea,married
SilvaKeith,Keith,Silva,KeithSilva@gmail,KeithSilva@yahoo,1234ab5678,2759259175,male,4987654130,12052010,Muscat,Oman,single
ShawChristian,Christian,Shaw,ChristianShaw@gmail,ChristianShaw@yahoo,1234ab5678,2735802386,male,5011110919,12062010,Islamabad,Pakistan,married
SnyderRoger,Roger,Snyder,RogerSnyder@gmail,RogerSnyder@yahoo,1234ab5678,2665432019,male,5034567708,12072010,Panama City,Panama,single
MasonNoah,Noah,Mason,NoahMason@gmail,NoahMason@yahoo,1234ab5678,2641975230,male,5058024497,12082010,Port Moresby,Papua New Guinea,married
DixonGerald,Gerald,Dixon,GeraldDixon@gmail,GeraldDixon@yahoo,1234ab5678,2571604863,male,5081481286,12092010,Manila,Philippines,single
MunozCarl,Carl,Munoz,CarlMunoz@gmail,CarlMunoz@yahoo,1234ab5678,2548148074,male,5104938075,12102010,Warsaw,Poland,married
HuntTerry,Terry,Hunt,TerryHunt@gmail,TerryHunt@yahoo,1234ab5678,2477777707,male,5128394864,12112010,Bucharest,Romania,single
HicksSean,Sean,Hicks,SeanHicks@gmail,SeanHicks@yahoo,1234ab5678,2454320918,male,5151851653,12122010,Moscow,Russia,married
HolmesAustin,Austin,Holmes,AustinHolmes@gmail,AustinHolmes@yahoo,1234ab5678,2383950551,male,5175308442,12132010,Castries,Saint Lucia,single
PalmerArthur,Arthur,Palmer,ArthurPalmer@gmail,ArthurPalmer@yahoo,1234ab5678,2360493762,male,5198765231,12142010,Kingstown,Saint Vincent and the Grenadines,married
WagnerLawrence,Lawrence,Wagner,LawrenceWagner@gmail,LawrenceWagner@yahoo,1234ab5678,2290123395,male,5222222020,12152010,São Tomé,Sao Tome and Principe,single
BlackJesse,Jesse,Black,JesseBlack@gmail,JesseBlack@yahoo,1234ab5678,2266666606,male,5245678809,12162010,Riyadh,Saudi Arabia,married
RobertsonDylan,Dylan,Robertson,DylanRobertson@gmail,DylanRobertson@yahoo,1234ab5678,2196296239,male,5269135598,12172010,Victoria,Seychelles,single
BoydBryan,Bryan,Boyd,BryanBoyd@gmail,BryanBoyd@yahoo,1234ab5678,2172839450,male,5292592387,12182010,Freetown,Sierra Leone,married
RoseJoe,Joe,Rose,JoeRose@gmail,JoeRose@yahoo,1234ab5678,2102469083,male,5316049176,12192010,Ljubljana,Slovenia,single
StoneJordan,Jordan,Stone,JordanStone@gmail,JordanStone@yahoo,1234ab5678,2079012294,male,5339505965,12202010,Honiara,Solomon Islands,married
SalazarBilly,Billy,Salazar,BillySalazar@gmail,BillySalazar@yahoo,1234ab5678,2008641927,male,5362962754,12212010,Juba,South Sudan,single
FoxBruce,Bruce,Fox,BruceFox@gmail,BruceFox@yahoo,1234ab5678,1985185138,male,5386419543,12222010,Madrid,Spain,married
WarrenAlbert,Albert,Warren,AlbertWarren@gmail,AlbertWarren@yahoo,1234ab5678,1914814771,male,5409876332,12232010,Paramaribo,Suriname,single
MillsWillie,Willie,Mills,WillieMills@gmail,WillieMills@yahoo,1234ab5678,1891357982,male,5433333121,12242010,Stockholm,Sweden,married
MeyerGabriel,Gabriel,Meyer,GabrielMeyer@gmail,GabrielMeyer@yahoo,1234ab5678,1820987615,male,5456789910,12252010,Taipei,Taiwan,single
RiceLogan,Logan,Rice,LoganRice@gmail,LoganRice@yahoo,1234ab5678,1797530826,male,5480246699,12262010,Dushanbe,Tajikistan,married
SchmidtAlan,Alan,Schmidt,AlanSchmidt@gmail,AlanSchmidt@yahoo,1234ab5678,1727160459,male,5503703488,12272010,Dili,Timor-Leste,single
GarzaJuan,Juan,Garza,JuanGarza@gmail,JuanGarza@yahoo,1234ab5678,1703703670,male,5527160277,12282010,Lomé,Togo,married
DanielsWayne,Wayne,Daniels,WayneDaniels@gmail,WayneDaniels@yahoo,1234ab5678,1633333303,male,5550617066,12292010,Tunis,Tunisia,single
FergusonRoy,Roy,Ferguson,RoyFerguson@gmail,RoyFerguson@yahoo,1234ab5678,1609876514,male,5574073855,12302010,Ankara,Turkey,married
NicholsRalph,Ralph,Nichols,RalphNichols@gmail,RalphNichols@yahoo,1234ab5678,1539506147,male,5597530644,12312010,Kampala,Uganda,single
StephensRandy,Randy,Stephens,RandyStephens@gmail,RandyStephens@yahoo,1234ab5678,1516049358,male,5620987433,12322010,Kyiv (also known as Kiev),Ukraine,married
SotoEugene,Eugene,Soto,EugeneSoto@gmail,EugeneSoto@yahoo,1234ab5678,1445678991,male,5644444222,12332010,"Washington, D.C.",United States of America,single
WeaverVincent,Vincent,Weaver,VincentWeaver@gmail,VincentWeaver@yahoo,1234ab5678,1422222202,male,5667901011,12342010,Montevideo,Uruguay,married
RyanRussell,Russell,Ryan,RussellRyan@gmail,RussellRyan@yahoo,1234ab5678,1351851835,male,5691357800,12352010,Vatican City,Vatican City (Holy See),single
GardnerElijah,Elijah,Gardner,ElijahGardner@gmail,ElijahGardner@yahoo,1234ab5678,1328395046,male,5714814589,12362010,Caracas,Venezuela,married
PayneLouis,Louis,Payne,LouisPayne@gmail,LouisPayne@yahoo,1234ab5678,1258024679,male,5738271378,12372010,Lusaka,Zambia,single